station_id,latitude,longitude,elevation,start_date,end_date,prcp_zero,prcp_ct,srad_ct,temp_ct,dewpt_ct,rh_ct,wspd_ct,wdir_ct,MGRS_TILE
C1824,47.99666976928711,-122.4800033569336,20.0,2004-03-31,2010-06-24,0,49306,40,39793,39788,39788,39792,39792,10TEU
GOBAR,47.85689926147461,-121.69740295410156,61.875,2012-04-30,2025-02-13,0,84674,0,77952,0,77952,77952,77952,10TEU
C7649,47.87133026123047,-121.79617309570312,91.0999984741211,2007-03-07,2008-06-10,0,11065,0,10359,10359,10359,10359,10359,10TEU
VPFW1,47.855281829833984,-120.89028167724608,1126.199951171875,2001-07-01,2025-05-31,0,168556,145919,152023,151150,153136,154255,140168,10TFU
F5771,47.14933013916016,-123.04049682617188,33.47999954223633,2019-07-31,2025-05-31,0,47738,0,38876,38876,38876,47173,47173,10TDT
2279P,47.21393966674805,-123.10086059570312,4.900000095367432,2019-10-30,2021-09-23,1,16677,0,0,0,0,0,0,10TDT
THLHP,47.34410095214844,-124.2876968383789,9.144000053405762,2012-05-01,2025-05-31,0,95194,0,91652,0,91652,91652,91652,10TDT
CDVW1,47.41889190673828,-121.78028106689452,335.8999938964844,2022-11-23,2025-05-31,1,21772,0,20714,0,0,0,0,10TET
PS020,47.02040100097656,-122.99726104736328,10.100000381469728,2024-07-03,2025-04-22,1,7033,0,6756,6756,6756,6756,5321,10TET
TWALK,47.75469970703125,-122.89320373535156,143.0,2006-02-01,2025-05-31,1,163560,0,140557,140552,140559,141442,135044,10TET
2224P,47.62297058105469,-122.28856658935545,39.900001525878906,2019-10-30,2021-09-23,1,16464,0,0,0,0,0,0,10TET
E9275,47.262001037597656,-122.01200103759768,209.61999511718753,2016-06-08,2025-05-31,0,77874,0,74854,74854,74855,74514,22641,10TET
3442P,47.490501403808594,-122.3258819580078,114.0,2020-05-06,2021-03-05,1,6490,0,0,0,0,0,0,10TET
GRPVW,47.31999969482422,-122.9169464111328,67.05599975585938,2012-04-30,2017-10-03,0,29147,0,25726,0,25726,25726,25726,10TET
F0314,47.80049896240234,-122.6646728515625,91.58999633789062,2017-10-11,2025-06-01,0,66788,0,65710,65710,65710,65708,65708,10TET
G1022,47.11149978637695,-122.07782745361328,251.3000030517578,2022-01-05,2025-05-31,0,29459,0,28397,28397,28397,28397,28397,10TET
C9642,47.77682876586913,-122.13233184814452,149.0,2008-01-30,2008-08-13,0,4593,0,4255,4255,4255,4255,4255,10TET
9461D,47.72888946533203,-122.22499847412108,119.25499725341795,2020-07-15,2025-06-01,0,42475,1,41757,0,41757,41757,41757,10TET
C7126,47.46281051635742,-122.03648376464844,175.3000030517578,2007-01-04,2010-12-18,0,28100,0,24373,24373,24373,24373,24373,10TET
E3526,47.58216857910156,-122.39382934570312,86.0,2013-09-25,2021-02-04,0,59525,0,58623,58623,58623,58637,58637,10TET
E1915,47.796329498291016,-122.1021728515625,151.0,2013-01-23,2022-06-09,0,82185,0,75845,75845,75845,75798,75798,10TET
AV338,47.3128318786621,-122.220832824707,25.0,2017-11-08,2025-06-01,0,52261,40762,49181,49181,49181,49168,49168,10TET
3828D,47.788612365722656,-122.52527618408205,25.6200008392334,2023-11-22,2025-06-01,0,13059,0,12553,0,12553,12553,12553,10TET
C0338,47.53482818603516,-122.3873291015625,100.0,2001-11-29,2006-01-20,0,34012,25,16809,16809,16809,16809,16809,10TET
C6854,47.80899810791016,-122.31336975097656,106.0,2006-11-29,2014-08-14,0,21515,0,20869,20869,20869,20869,20869,10TET
T520B,47.64092254638672,-122.25903320312499,6.099999904632568,2018-07-26,2021-11-06,1,25201,0,24486,24486,24486,24486,24325,10TET
F9289,47.448829650878906,-121.72750091552734,192.0,2021-06-02,2025-06-01,0,34877,33966,34476,34476,34476,34476,34476,10TET
E1700,46.95949935913086,-122.80133056640624,70.0,2013-01-02,2018-05-22,0,46072,0,43183,43183,43183,43183,43183,10TET
AS611,47.5486717224121,-121.93966674804688,367.0,2007-04-18,2011-08-11,0,37597,0,33853,33853,33853,33840,33840,10TET
F0821,47.611831665039055,-122.31359100341795,103.0,2017-04-05,2025-06-01,0,71359,47868,69630,69630,69630,69633,65430,10TET
AP684,47.31467056274414,-122.1163330078125,142.0,2002-09-25,2005-02-22,0,12674,0,10705,10705,10705,10713,10713,10TET
T195T,47.76959991455078,-122.19059753417967,14.899999618530272,2001-07-01,2025-05-31,0,196759,12,138948,138950,138947,96793,69071,10TET
C5581,47.01633071899414,-122.31382751464844,216.88000488281247,2006-03-22,2025-05-31,0,165733,0,157506,157506,157506,157516,157225,10TET
AP323,47.435359954833984,-122.10891723632812,177.0,2002-03-07,2014-09-24,0,63523,0,58624,38630,38631,58624,58624,10TET
G5479,47.55183029174805,-122.67649841308592,85.33999633789062,2024-10-23,2025-06-01,1,4893,0,4519,4519,4519,4519,4519,10TET
C7314,47.71916961669922,-122.09449768066406,86.0,2007-01-31,2008-07-19,0,10163,0,8525,8525,8525,8525,8525,10TET
KRNT,47.49509048461913,-122.21437072753906,7.0,2021-02-03,2021-02-17,1,336,0,329,329,329,329,329,10TET
AR560,47.59999847412109,-122.033332824707,186.0,2004-11-03,2004-12-13,1,969,0,881,881,881,880,880,10TET
KTCM,47.13330078125,-122.46659851074217,87.0,2023-05-24,2025-05-31,0,17367,0,13956,13956,0,13956,13946,10TET
A1644,47.5620002746582,-122.34049987792967,4.0,2015-01-21,2020-06-30,0,45532,0,41123,0,0,41507,41507,10TET
KTIW,47.26750183105469,-122.57611083984376,96.0,2021-02-03,2021-02-17,1,336,0,336,336,336,336,336,10TET
F7437,47.51116943359375,-122.35582733154298,114.48999786376952,2020-05-20,2025-04-21,0,41651,41177,41049,41049,41049,41177,41177,10TET
C9164,47.354270935058594,-122.31768035888672,99.0,2007-12-05,2009-01-09,0,9604,0,9120,9120,9120,9120,9120,10TET
3143P,47.73617935180664,-121.97061157226562,128.89999389648435,2019-11-27,2021-09-23,1,16004,0,0,0,0,0,0,10TET
C1685,46.99583053588867,-122.83283233642578,6.0,2004-01-22,2004-07-18,0,3222,0,2513,2513,2513,2513,2513,10TET
TSR18,47.50899887084961,-121.88500213623045,282.8999938964844,2001-07-01,2025-05-31,0,190408,14,152112,152102,152100,164588,156127,10TET
G0815,47.30767059326172,-122.4219970703125,146.0,2021-12-29,2025-05-31,0,29242,0,28838,28831,28831,28838,28838,10TET
AN636,47.4119987487793,-122.3043975830078,162.89999389648435,2010-02-16,2020-06-30,0,85583,1,72879,0,0,72819,72819,10TET
RVD2,47.31029891967773,-121.85399627685545,268.0504150390625,2010-11-09,2011-04-30,1,4126,0,0,0,0,0,0,10TET
2731P,47.55852127075195,-122.38735961914062,95.0999984741211,2019-11-27,2021-09-23,1,12912,0,0,0,0,0,0,10TET
E6552,46.98500061035156,-122.97049713134768,54.0,2015-02-04,2025-05-31,0,88790,0,86886,86886,86886,86886,46218,10TET
D9059,47.825321197509766,-122.30615997314452,39.0,2011-12-14,2025-05-31,0,111185,0,105822,105821,105821,105822,105821,10TET
TUM42,47.61100006103516,-120.69999694824217,1274.0999755859375,2012-12-05,2025-05-31,1,100168,0,82951,37427,37429,82929,77969,10TFT
TEAST,47.26910018920898,-121.23919677734376,812.9000244140626,2001-07-01,2022-04-25,0,176855,12,145498,145497,145497,153990,118552,10TFT
D8374,47.00566864013672,-120.53700256347656,512.0999755859375,2011-08-24,2025-05-31,0,119184,77871,117483,117483,117483,117483,117483,10TFT
SNO37,47.35900115966797,-121.36199951171876,1128.0999755859375,2005-11-30,2015-10-18,1,65193,0,45207,0,0,0,0,10TFT
RDMW1,47.69332885742188,-120.75778198242188,949.4420166015624,2016-12-09,2018-02-15,0,10266,0,7559,0,0,0,0,10TFT
G3895,47.34967041015625,-120.67949676513672,1308.0,2023-08-30,2024-10-21,0,9544,7180,7181,7181,7181,7181,7181,10TFT
NCAW1,47.40639114379884,-120.4369430541992,1168.0,2016-12-09,2025-05-31,0,24503,0,13414,0,0,0,0,10TFT
ELLEN,46.99470138549805,-120.52780151367188,497.3030090332031,2012-04-30,2017-05-10,0,38474,0,35038,0,35038,35038,35038,10TFT
STS40,47.746131896972656,-121.0926284790039,1204.0,2015-10-21,2025-05-31,1,75942,0,71544,71544,71545,0,0,10TFT
STG48,47.7400016784668,-121.11000061035156,1463.0,2004-04-04,2015-10-18,1,69489,0,51137,51086,51103,34246,17129,10TFT
BRN27,47.775020599365234,-120.96598052978516,823.0,2015-10-21,2025-05-31,1,79879,0,72797,72796,72798,0,0,10TFT
ALP55,47.43999862670898,-121.44000244140624,1684.9000244140625,2002-12-03,2025-05-31,1,123768,0,99208,94443,99128,89533,68182,10TFT
PS008,46.98067855834961,-120.64553833007812,565.7000122070312,2024-05-22,2025-05-31,1,8837,0,8764,8764,8764,8764,8611,10TFT
ALP31,47.444068908691406,-121.42485046386717,944.9000244140624,2002-09-27,2025-05-31,1,135514,0,111167,111000,111006,0,0,10TFT
2203P,47.21855163574219,-121.05181121826172,670.0,2019-10-30,2021-09-23,1,16677,0,0,0,0,0,0,10TFT
WS090,47.721389770507805,-120.07186889648436,945.489990234375,2019-08-27,2019-08-27,1,3,3,3,3,3,3,3,10TGT
EFHW,47.69795989990234,-120.32373046875,312.1000061035156,2022-10-19,2025-06-01,0,20732,19155,19155,19155,19155,19155,18904,10TGT
WHLW1,46.468608856201165,-123.28056335449217,457.7999877929688,2022-11-23,2025-05-31,0,21773,0,20710,0,0,0,0,10TDS
ASTOR,46.1599998474121,-123.87999725341795,3.0,2004-02-05,2025-06-01,0,98533,76457,91788,53,91788,91788,91788,10TDS
WSULO,46.36880111694336,-124.03269958496092,-2.099999904632568,2008-09-07,2008-10-31,1,1300,0,942,942,942,942,942,10TDS
WSTSP,46.8922004699707,-124.1041030883789,6.400000095367432,2012-07-09,2020-12-11,0,73253,0,69325,0,69325,69325,69325,10TDS
KMMW1,46.34389877319336,-123.51139831542967,274.29998779296875,2014-11-26,2025-05-31,0,21417,0,4,0,0,0,0,10TDS
ODT46,46.171001434326165,-123.44020080566406,198.1000061035156,2004-12-29,2025-05-31,0,165849,47,157439,157439,158036,145598,135242,10TDS
BPNAS,46.42179870605469,-123.7969970703125,612.2999877929688,2011-12-07,2018-06-01,1,55780,0,54736,54736,54736,54736,54717,10TDS
XJNB,46.1502799987793,-123.29750823974608,7.619999885559082,2012-04-10,2013-04-29,1,7470,0,6766,3496,3496,6766,6766,10TDS
AR373,46.838500976562486,-123.09182739257812,45.700000762939446,2004-03-24,2004-04-10,1,368,0,328,328,328,328,328,10TDS
SWCW1,46.1599998474121,-122.18000030517578,1149.0999755859375,2002-08-13,2025-05-31,0,199263,51,148055,6,6,4,5,10TES
BCDW1,46.772220611572266,-122.92305755615232,63.700000762939446,2016-12-09,2025-05-31,0,72971,0,0,0,0,0,0,10TES
SKMW1,46.79027938842773,-122.73416900634768,118.0,2012-03-21,2025-02-20,0,113199,0,0,0,0,0,0,10TES
F8587,46.64083099365234,-122.91082763671876,134.88999938964844,2020-11-04,2025-06-01,0,39699,0,37241,37241,37241,37241,37241,10TES
KOSW1,46.523887634277344,-122.19000244140624,640.0999755859375,2001-07-01,2025-05-31,0,144835,129679,135901,135846,135896,133694,113977,10TES
RLGW1,46.74919891357422,-121.81189727783205,841.9000244140626,2010-05-19,2025-05-05,0,99408,0,0,0,0,0,0,10TES
C4672,46.62133026123047,-122.80416870117188,96.0,2006-04-26,2025-06-01,0,92898,69582,87379,87356,87356,87310,87310,10TES
TS212,46.61000061035156,-122.908332824707,79.90000152587889,2004-06-04,2005-04-28,0,6961,5690,6446,6446,6446,6431,6422,10TES
6635D,46.62361145019531,-120.5722198486328,353.4949951171875,2020-07-15,2023-02-26,0,22087,0,21030,0,21030,21030,21030,10TFS
CMT43,46.93899917602539,-121.47599792480467,1316.699951171875,2018-07-04,2020-08-13,1,18246,0,0,0,0,0,0,10TFS
YUNW1,46.53443908691406,-120.46611022949217,308.5,2016-12-09,2022-03-02,1,44461,0,34657,0,0,0,0,10TFS
RCSPW,46.71390151977539,-121.15059661865232,1822.6999511718752,2008-01-30,2019-10-02,1,100064,0,90509,0,0,88285,71516,10TFS
CLFW1,46.90055847167969,-121.01805877685545,679.7000122070312,2009-06-04,2025-06-01,1,118584,0,114875,0,0,0,0,10TFS
HIBW1,46.081100463867195,-120.54360198974608,641.9000244140625,2007-06-27,2025-06-01,0,156778,148196,152261,152223,152852,152812,148563,10TFS
PACW1,46.613059997558594,-121.67806243896484,319.1000061035156,2009-06-04,2025-06-01,0,139855,0,133702,0,0,0,0,10TFS
PC327,46.511108398437514,-120.92398834228516,792.5,2023-05-03,2025-05-31,1,11250,0,10717,10153,10153,10719,10695,10TFS
GLEED,46.68399810791016,-120.63400268554688,449.8999938964844,2008-01-16,2008-10-24,1,2623,0,2134,2134,2134,2134,2134,10TFS
CAYW1,46.867000579833984,-121.53299713134768,1596.9000244140625,2009-08-20,2025-06-01,0,136688,0,103469,0,0,73483,75268,10TFS
WS038,46.30973815917969,-120.07486724853516,381.0,2019-08-27,2019-08-27,1,3,3,3,3,3,3,3,10TGS
ENGPN,45.35494995117188,-123.29147338867188,279.20001220703125,2022-06-08,2025-05-31,1,21158,0,20502,20501,20501,20502,20387,10TDR
C0356,46.01082992553711,-123.91532897949217,4.0,2004-04-14,2018-09-10,0,100729,19,37810,37808,37808,37746,37746,10TDR
OD121,45.58953094482422,-123.53514862060545,187.1000061035156,2016-02-18,2025-05-31,1,79014,0,75608,47826,48911,57592,46171,10TDR
G4545,45.59099960327149,-123.22666931152344,107.0,2024-02-28,2025-05-31,0,10853,10513,10510,10510,10513,10513,10510,10TDR
XMAN,45.70384979248047,-123.93863677978516,9.753600120544434,2012-02-08,2013-04-29,1,8949,0,8435,0,0,8435,8435,10TDR
E1145,45.53282928466797,-123.1449966430664,91.45999908447264,2012-10-17,2025-05-31,0,110448,0,109384,109384,109384,109384,109384,10TDR
1948P,45.50019073486328,-122.69288635253906,195.1000061035156,2019-10-30,2021-04-30,1,10473,0,0,0,0,0,0,10TER
2076P,45.3923988342285,-122.69780731201172,184.1000061035156,2019-10-30,2021-09-23,1,15505,0,0,0,0,0,0,10TER
C5053,45.81800079345703,-122.46382904052734,228.8999938964844,2006-01-11,2025-06-01,0,81118,0,78863,78347,78347,78863,78863,10TER
BVRBL,45.4911003112793,-122.78720092773436,68.88500213623047,2012-04-30,2025-05-31,0,113238,0,111037,0,111037,111037,111037,10TER
HYD26,45.50569915771484,-122.5967025756836,68.9000015258789,2018-12-27,2025-05-31,1,51244,0,0,0,0,0,0,10TER
CWLPS,45.34465026855469,-122.63876342773436,22.600000381469727,2023-07-19,2024-04-30,0,6876,0,6367,0,0,0,0,10TER
2067P,45.51018905639649,-122.71708679199217,214.0,2019-10-30,2021-05-27,1,13619,0,0,0,0,0,0,10TER
G2905,45.546329498291016,-122.77999877929688,182.88000488281247,2023-01-04,2025-05-31,0,20461,19446,19446,19446,19446,19446,19446,10TER
CYFW1,45.929443359375,-122.20278167724608,762.0,2001-07-01,2025-06-01,0,180593,132798,146375,145948,146336,145095,118738,10TER
D4118,45.39149856567384,-122.1083297729492,381.0,2010-01-06,2025-05-31,0,134621,0,129581,130759,130759,130759,130759,10TER
HYD38,45.5098991394043,-122.73709869384768,241.1000061035156,2018-12-27,2025-05-31,1,51243,0,0,0,0,0,0,10TER
2112P,45.5017204284668,-122.62622833251952,50.0,2019-10-30,2021-09-23,1,16335,0,0,0,0,0,0,10TER
G4993,45.50967025756836,-122.62066650390624,50.0,2024-06-19,2024-08-03,0,1086,1076,1076,1076,1076,1076,1076,10TER
2018P,45.53271865844727,-122.69972229003906,31.100000381469727,2019-10-30,2020-09-13,1,7673,0,0,0,0,0,0,10TER
G5626,45.81782913208008,-122.65617370605467,93.66000366210936,2024-12-04,2025-06-01,0,4139,4089,4089,4089,4089,4089,4089,10TER
2096P,45.47018814086913,-122.81640625,81.0999984741211,2019-10-30,2021-07-24,1,15198,0,0,0,0,0,0,10TER
D7931,45.65082931518555,-122.4938278198242,67.0,2011-06-29,2020-09-12,0,61819,0,46498,46498,46498,46445,46445,10TER
PRT03,45.48109817504884,-122.5688018798828,72.23799896240233,2012-04-30,2022-12-19,0,82608,0,81502,0,81502,81502,81502,10TER
MEWW1,45.956100463867195,-122.55390167236328,68.30000305175781,2009-11-12,2017-12-14,0,64664,0,0,0,0,0,0,10TER
AV725,45.31209945678711,-122.94291687011717,80.69999694824217,2021-01-13,2025-06-01,0,38237,37683,37731,37731,37731,37731,37731,10TER
G5324,45.54417037963867,-122.45767211914062,25.600000381469727,2024-08-28,2025-05-31,0,6485,0,6211,6186,6190,6186,6118,10TER
1987P,45.19488143920898,-122.63916015625,73.19999694824217,2019-10-30,2021-09-23,1,16669,0,0,0,0,0,0,10TER
HYD09,45.4541015625,-122.68440246582033,114.0,2018-12-27,2025-05-31,1,51245,0,0,0,0,0,0,10TER
MLLLH,45.17079925537109,-122.51719665527344,22.86000061035156,2014-02-27,2025-05-31,0,97594,0,95680,0,95680,95680,95680,10TER
TBELL,45.56900024414063,-122.2030029296875,235.0,2001-07-01,2025-05-31,0,159749,13,128498,128497,128495,127890,116566,10TER
AT954,45.45399856567384,-122.69400024414062,120.69999694824217,2011-01-26,2013-08-05,0,21556,0,21376,21376,21376,21376,21376,10TER
E1133,45.429500579833984,-122.7375030517578,104.0,2012-10-10,2025-06-01,0,110542,0,106996,106987,106987,106997,106997,10TER
G2282,45.58232879638672,-120.69249725341795,423.0,2022-11-03,2025-05-31,0,22248,0,21290,21290,21290,21290,21290,10TFR
F2581,45.43917083740234,-121.1614990234375,441.8800048828125,2004-08-10,2025-05-31,0,52966,526,51187,51187,51187,51187,51183,10TFR
GRPO3,45.622371673583984,-121.70414733886717,1008.9000244140624,2001-07-01,2025-05-30,0,206407,10,124512,0,0,0,0,10TFR
2137P,45.729049682617195,-121.5696792602539,376.1000061035156,2019-10-30,2021-09-23,1,16677,0,0,0,0,0,0,10TFR
E3CAR,45.25920104980469,-121.41300201416016,816.9000244140626,2006-03-01,2018-04-12,1,101499,0,89064,0,0,89057,88758,10TFR
UP048,45.69549179077149,-121.31224060058592,31.700000762939453,2003-08-27,2025-05-31,1,165109,14,134625,0,0,152589,149835,10TFR
F4097,45.45861053466797,-121.4463882446289,1011.9000244140624,2004-12-08,2004-12-09,1,21,21,21,21,21,21,21,10TFR
MWQKT,45.18999862670898,-120.69000244140624,826.0,2005-12-21,2012-02-14,1,53893,0,52512,52512,52512,52512,52512,10TFR
F6920,45.58332824707031,-121.15283203125,235.55999755859372,2020-03-11,2025-05-31,0,44355,0,43321,43321,43321,43321,43321,10TFR
C5392,45.600830078125,-121.1778335571289,30.5,2006-02-15,2008-07-19,1,17775,0,16358,16358,16358,16358,16358,10TFR
REDO3,45.459999084472656,-121.69999694824217,1341.0999755859375,2001-07-01,2025-05-31,0,204251,39,131364,0,0,0,0,10TFR
XMRY,45.668991088867195,-120.844482421875,19.812000274658203,2012-02-08,2013-04-29,1,8948,0,8539,0,0,8539,8539,10TFR
F2452,45.556671142578125,-121.17849731445312,185.0500030517578,2004-01-22,2025-05-31,0,57533,4832,53223,53223,53223,53223,53133,10TFR
C5099,45.70452880859375,-121.54019165039062,131.10000610351562,2006-01-12,2020-10-01,0,122283,0,120151,120200,120200,120404,120404,10TFR
UP102,45.67675018310546,-121.27691650390624,35.400001525878906,2003-08-27,2025-05-31,1,162187,13,122666,0,0,113838,97751,10TFR
E9842,45.5099983215332,-121.5771713256836,549.0,2019-05-22,2025-05-31,0,49142,0,47973,47973,47973,47973,47973,10TFR
F0649,45.44717025756836,-121.1478271484375,417.0,2017-03-15,2025-05-31,0,71793,0,70771,70770,70772,71016,48827,10TFR
D0310,45.552921295166016,-120.16529846191406,363.1000061035156,2008-05-21,2025-03-31,0,133275,0,120488,120487,120487,120544,120544,10TGR
MWQRL,45.74100112915039,-120.02999877929688,107.0,2005-12-22,2011-07-22,1,37568,0,27355,27209,27354,27355,27355,10TGR
C9269,44.59999847412109,-123.91667175292967,13.18000030517578,2007-12-19,2024-12-11,0,62677,0,59634,59634,59634,59634,59634,10TDQ
AS405,45.049331665039055,-123.49417114257812,133.22000122070312,2006-10-25,2024-09-07,0,102360,0,97383,97360,97360,97390,97390,10TDQ
AW298,45.0099983215332,-124.01000213623045,6.0,2005-04-06,2006-10-08,0,13203,58,12672,12672,12672,12672,12672,10TDQ
OD148,44.5561408996582,-123.06104278564452,79.90000152587889,2018-06-13,2025-05-31,1,60895,0,59050,59050,59050,21921,0,10TDQ
AR754,44.59700012207031,-123.25399780273436,76.19999694824217,2005-04-06,2011-02-19,0,48818,58,44400,44400,44400,44400,44400,10TDQ
3270D,44.91833114624024,-123.326301574707,108.2750015258789,2023-11-22,2025-06-01,0,13059,0,12742,0,12742,12742,12742,10TDQ
RSLOR,45.02000045776367,-123.86000061035156,53.0,2013-07-16,2025-06-01,0,88711,0,57148,0,57148,57148,57148,10TDQ
OD150,44.56370162963867,-123.23519134521484,67.0999984741211,2018-07-19,2025-05-31,1,60032,0,58226,58226,58226,54173,56780,10TDQ
AR660,45.02233123779297,-123.85682678222656,71.9000015258789,2005-03-09,2025-02-11,0,171355,0,169389,169389,169389,169389,169389,10TDQ
AV880,44.567501068115234,-124.06500244140624,33.0,2021-12-29,2025-06-01,0,29828,0,29036,29024,29024,29036,29036,10TDQ
9666D,45.11277770996094,-123.97611236572264,25.924999237060547,2020-07-15,2025-06-01,0,42475,0,41530,0,41530,41530,41530,10TDQ
F8313,44.9578285217285,-123.05667114257812,75.70999908447266,2020-09-16,2025-06-01,0,36144,20018,34173,34173,34173,34173,34173,10TDQ
P065C,44.64714813232422,-123.06414794921876,68.9000015258789,2023-08-09,2023-09-02,1,569,0,530,530,530,530,140,10TDQ
E8510,44.498001098632805,-123.43800354003906,113.94999694824217,2016-01-13,2025-06-01,0,81664,80807,80807,80807,80807,80807,80807,10TDQ
DTWO3,44.71670150756836,-122.25,396.2000122070313,2021-03-08,2025-06-01,0,35628,34368,34368,34368,34368,34368,34368,10TEQ
OD147,44.88623809814453,-122.92134857177734,173.39999389648435,2018-06-06,2025-05-31,1,61062,0,59253,59253,59256,59055,47848,10TEQ
FRGPN,45.09278106689453,-122.04621124267578,598.5999755859375,2023-05-24,2025-05-31,1,16418,0,14456,14456,14456,14456,14427,10TEQ
3675P,44.80936813354492,-122.71083831787108,252.1000061035156,2020-05-06,2021-09-23,1,12134,0,0,0,0,0,0,10TEQ
SMTO3,44.30324935913086,-122.04052734375,996.7000122070312,2015-10-28,2025-05-31,0,83636,0,56171,0,0,0,0,10TEQ
SWTPN,44.9911994934082,-122.5172119140625,657.7999877929688,2023-06-14,2025-05-31,1,12663,0,9368,9368,9368,9368,9309,10TEQ
NS075,44.79582977294922,-122.8141632080078,111.59999847412108,2004-11-03,2005-01-12,0,1681,1580,1580,1580,1580,1580,1553,10TEQ
MWQCO,44.299999237060554,-120.713996887207,965.9000244140624,2006-01-11,2008-02-28,1,18086,0,15073,2289,2289,15073,15073,10TFQ
I05DX,44.338600158691406,-121.33950042724608,810.7999877929686,2012-04-18,2016-09-30,1,39020,0,0,0,0,0,0,10TFQ
C2209,44.522499084472656,-121.20532989501952,814.0,2004-06-24,2025-05-31,0,133410,40,125991,125988,125988,126000,126000,10TFQ
E7989,44.73366928100586,-120.75450134277344,781.0,2015-10-07,2025-05-31,0,84404,0,81773,81772,81772,81768,81768,10TFQ
E8909,43.42716979980469,-123.2893295288086,147.9499969482422,2019-05-22,2025-05-31,0,52638,0,52168,52168,52168,52168,52168,10TDP
CHRO3,43.669166564941406,-123.94361114501952,371.8999938964844,2004-01-16,2025-05-31,0,185042,175333,178133,177442,178048,178035,171849,10TDP
1993P,44.06980895996094,-123.0392837524414,135.0,2019-10-30,2021-09-23,1,16677,0,0,0,0,0,0,10TDP
F6274,44.032581329345696,-123.13465881347656,210.0,2019-10-30,2022-12-24,0,21736,17691,17703,17703,17703,17702,17702,10TDP
FRWO3,44.119998931884766,-123.301399230957,91.40000152587889,2021-03-08,2025-06-01,0,35633,34360,34359,0,0,34301,34324,10TDP
OD145,44.05435180664063,-123.53311920166016,238.0,2018-04-04,2025-05-31,1,62573,0,59681,59659,59660,58003,58435,10TDP
PC422,43.911968231201165,-123.05304718017578,167.89999389648435,2023-07-26,2025-05-31,1,16059,0,15764,15764,15764,15764,15630,10TDP
TT368,43.76759719848633,-122.4808349609375,630.9000244140625,2016-04-28,2019-01-10,0,10491,9492,9978,9976,9976,9977,9770,10TEP
RROO3,43.619998931884766,-122.12999725341795,838.0,2001-07-01,2025-05-31,0,208109,35,131811,0,0,0,0,10TEP
FEFO3,43.68052673339844,-122.3020248413086,1028.0999755859375,2001-07-01,2025-05-31,0,204333,181035,188740,188686,188722,187812,171574,10TEP
C7901,44.02199935913086,-122.8730010986328,402.2999877929688,2007-05-02,2013-02-02,0,35675,0,32869,32869,32869,32869,32869,10TEP
2077P,43.88536071777344,-121.4479522705078,1266.0999755859375,2019-10-30,2021-09-23,1,14051,0,0,0,0,0,0,10TFP
3795P,44.0649299621582,-121.3363571166992,1138.0999755859375,2020-05-06,2021-02-02,1,6541,0,0,0,0,0,0,10TFP
ODT33,43.906448364257805,-120.99713134765624,1268.0,2004-12-29,2025-05-31,0,176408,58,168382,162340,162444,167819,154394,10TFP
2101P,42.5394401550293,-124.0524673461914,75.0,2019-10-30,2021-09-23,1,16571,0,0,0,0,0,0,10TDN
PC031,43.16292190551758,-123.4017868041992,147.1999969482422,2019-10-02,2025-05-31,1,49182,0,46664,46664,46664,46663,46499,10TDN
D9562,42.70756149291992,-123.3697280883789,448.0,2012-02-08,2018-07-28,0,15575,0,15132,15132,15132,15132,15132,10TDN
PC440,42.65589904785156,-123.48390197753906,464.2000122070313,2023-08-23,2025-05-31,1,15387,0,14987,14987,14987,14987,14686,10TDN
SVFO3,42.8588981628418,-123.37830352783205,1211.0,2001-07-01,2025-05-31,0,206946,179780,193321,193251,194169,193957,189251,10TDN
CIFO3,43.320831298828125,-122.1066665649414,1473.4000244140625,2001-07-01,2025-05-31,0,205463,176977,191597,191343,191560,190876,184598,10TEN
ODT86,42.679500579833984,-121.85624694824217,1393.9000244140625,2012-01-25,2025-05-31,1,116302,0,111410,109573,109598,101374,109333,10TEN
PC235,42.90573120117188,-122.95555114746092,702.0,2022-06-15,2025-05-31,1,25756,0,23360,23360,23360,23472,23357,10TEN
CQFO3,42.576942443847656,-121.89360809326172,1347.199951171875,2001-07-01,2025-06-01,0,209168,180881,198985,198936,198981,198874,196784,10TEN
TT640,42.504051208496094,-122.41248321533205,975.0999755859376,2023-04-27,2023-05-04,1,164,91,91,91,91,91,48,10TEN
BATO,42.47800064086913,-121.27388763427734,1316.699951171875,2004-12-16,2025-06-01,0,173802,140268,147674,147665,147667,147631,147364,10TFN
OD100,42.69282150268555,-120.542610168457,1332.0,2013-05-29,2025-05-31,1,100490,0,97988,97987,97988,97407,97822,10TGN
C5510,42.05199813842773,-124.23200225830078,317.0,2006-03-08,2007-02-21,1,4949,0,3199,3199,3199,3348,3348,10TCM
E4856,42.11399841308594,-124.21317291259768,416.0,2014-04-02,2018-12-10,0,40798,0,38495,38495,38495,38495,38495,10TCM
TT656,41.88530731201172,-124.14099884033205,479.7999877929688,2021-01-22,2021-02-03,0,291,291,291,291,291,291,236,10TDM
PC030,42.15830993652344,-123.56169128417967,479.5,2019-10-25,2025-05-31,1,48672,0,41607,41607,41607,41606,40708,10TDM
F4100,42.28971862792969,-123.23027801513672,359.70001220703125,2004-12-08,2004-12-09,1,21,0,21,21,21,21,21,10TDM
SQFO3,42.06972122192384,-123.0116729736328,1513.0,2001-07-01,2025-05-31,0,208376,159779,173677,171863,173110,174454,170466,10TDM
SRFO3,42.150001525878906,-123.0666732788086,510.7999877929688,2001-07-01,2005-07-30,0,34970,1,10299,10294,10294,10282,10274,10TDM
CSXC1,41.8307991027832,-123.87640380859376,1151.5,2005-06-08,2025-06-01,0,172433,161985,165590,165556,165714,165641,163827,10TDM
PC051,41.8813591003418,-123.8647232055664,630.9000244140625,2021-05-12,2025-02-24,1,15359,0,11204,11204,11204,11204,10798,10TDM
ODE16,42.43415069580078,-123.34846496582033,277.3999938964844,2014-10-29,2018-04-12,1,30250,0,26999,0,0,26999,25965,10TDM
SMTHR,41.92689895629884,-124.15249633789062,13.41100025177002,2012-04-30,2025-05-31,0,86781,0,75598,0,75598,75598,75598,10TDM
DICC1,41.88530731201172,-124.14099884033205,479.7999877929688,2021-02-03,2025-05-31,0,37673,36400,36403,36401,36401,36404,27300,10TDM
PC531,41.89744186401367,-123.86508178710936,608.7000122070312,2024-07-24,2025-05-31,1,7325,0,6586,6586,6586,6586,6562,10TDM
ATRC1,41.85860061645508,-123.35250091552734,1423.4000244140625,2001-07-01,2025-06-01,0,185219,152995,163892,163018,163893,163730,161556,10TDM
CRZC1,41.97639083862305,-123.61222076416016,1210.0999755859375,2001-07-01,2025-05-31,0,185904,128361,155395,155342,155811,147426,130096,10TDM
CTHLT,41.99259948730469,-122.60880279541016,971.7000122070312,2003-01-29,2025-06-01,0,178293,58,170083,170082,170081,170019,169301,10TEM
0664P,41.62443161010742,-122.40545654296876,805.0,2019-10-30,2021-09-23,1,15815,1,0,0,0,0,0,10TEM
KMIO3,42.146671295166016,-121.8486099243164,1243.0,2024-07-24,2025-05-31,1,6741,0,5193,0,0,0,0,10TEM
ARFO3,42.10499954223633,-122.27896881103516,1609.300048828125,2001-07-01,2025-05-31,0,208528,178350,194103,193744,194007,194116,192862,10TEM
UP649,41.65013122558594,-122.11263275146484,1532.5,2012-11-14,2025-05-31,1,108338,0,63527,0,0,0,0,10TEM
F4093,42.10583114624024,-122.2780532836914,1609.300048828125,2004-12-08,2004-12-09,1,21,10,12,10,10,14,13,10TEM
C3932,42.365699768066406,-122.90579986572264,393.2000122070313,2005-06-15,2025-06-01,0,153972,82695,149093,149093,149093,149093,149093,10TEM
F4114,42.407501220703125,-122.19139099121092,1485.9000244140625,2004-12-08,2004-12-09,1,21,21,21,21,21,21,21,10TEM
FRLO3,42.400001525878906,-122.22000122070312,1829.0999755859373,2001-07-01,2025-05-31,0,208465,50,141064,0,0,0,0,10TEM
2066P,42.277339935302734,-122.8056182861328,472.1000061035156,2019-10-30,2021-09-23,1,16677,0,0,0,0,0,0,10TEM
CLBC1,41.775001525878906,-122.95030212402344,1674.300048828125,2004-09-01,2025-05-31,0,181752,168216,171092,170965,171042,170542,167749,10TEM
PC414,41.60395050048828,-122.20044708251952,1483.5,2023-07-19,2025-05-31,1,16219,0,15624,15624,15624,15624,15559,10TEM
E1735,42.366329193115234,-122.93083190917967,394.1400146484375,2013-01-09,2025-06-01,0,104469,0,89917,89939,89953,90060,90060,10TEM
2042P,42.31106185913086,-122.80986785888672,479.1000061035156,2019-10-30,2021-03-03,1,11013,0,0,0,0,0,0,10TEM
PC525,42.339160919189446,-121.999153137207,1348.699951171875,2024-07-17,2025-05-31,1,7492,0,6697,6697,6697,6697,6583,10TEM
C8242,42.27799987792969,-122.72167205810545,1052.0,2007-06-20,2019-05-03,0,54656,26638,50375,50375,50375,50396,50396,10TEM
PC135,41.72483825683594,-122.62872314453124,965.2999877929688,2022-04-21,2025-05-31,1,27078,0,26744,26744,26744,26744,26648,10TEM
BCDO3,42.41999816894531,-122.27999877929688,1615.0,2001-07-01,2025-05-31,0,207346,20114,141741,73090,73117,18668,14653,10TEM
OD109,42.32101058959961,-120.8137435913086,1651.0999755859375,2014-03-28,2025-05-31,1,96279,0,92772,92772,92784,75200,86310,10TFM
STFO3,42.18916702270508,-120.84722137451172,1703.800048828125,2001-07-01,2025-05-31,0,209127,157715,195883,195529,195795,195174,186089,10TFM
CDRC1,41.58000183105469,-120.3000030517578,2164.0,2001-07-01,2025-05-31,0,208895,24,139734,0,0,0,0,10TGM
C2849,42.17599868774414,-120.4586715698242,1427.0,2008-04-30,2024-05-09,0,138578,0,129637,129633,129633,129637,129637,10TGM
PC547,41.985870361328125,-120.29222869873045,1492.9000244140625,2024-08-28,2025-05-31,1,6485,0,5841,5841,5841,5841,5797,10TGM
BOLC1,41.53410720825195,-122.20968627929688,1368.199951171875,2011-11-23,2025-05-31,0,118240,112960,115318,115071,115601,115589,114783,10TEL
F3839,49.18999862670898,-123.14833068847656,2.950000047683716,2004-12-08,2020-02-26,0,7069,0,7034,7034,7034,7027,7027,10UDV
2405P,49.47108840942384,-123.75216674804688,4.0,2019-10-30,2020-01-24,1,2060,0,0,0,0,0,0,10UDV
2469P,49.38603973388672,-123.53839874267578,91.0999984741211,2019-10-30,2021-09-23,1,16677,0,0,0,0,0,0,10UDV
G5549,49.22666931152344,-124.0530014038086,100.0,2024-11-20,2025-06-01,0,4473,0,3619,3619,3619,3619,3619,10UDV
BT004,49.41003036499024,-123.19635772705078,1419.800048828125,2019-12-18,2022-07-20,1,22451,1,18668,0,0,18668,17056,10UDV
F6728,49.16550064086913,-124.00267028808592,172.66000366210935,2020-01-29,2022-11-14,0,24451,0,24212,24212,24212,24213,18286,10UDV
2411P,49.14588928222656,-123.9555892944336,56.09999847412109,2019-10-30,2021-09-23,1,16677,0,0,0,0,0,0,10UDV
4104P,49.287109375,-123.117919921875,31.100000381469727,2020-07-29,2020-10-27,1,2148,0,0,0,0,0,0,10UDV
PUR95,49.19939041137695,-123.83490753173828,10.100000381469728,2016-08-17,2021-03-24,1,35115,0,0,0,0,0,0,10UDV
PUR99,49.13154983520508,-123.76561737060545,19.200000762939453,2016-08-17,2019-10-24,1,23053,0,0,0,0,0,0,10UDV
F1130,49.237499237060554,-122.86049652099608,9.0,2019-05-15,2024-02-25,0,36122,24353,24353,24353,24353,24481,24481,10UEV
FRNDL,48.862499237060554,-122.62660217285156,60.959999084472656,2012-06-12,2025-05-31,0,112103,0,109354,0,109354,109354,109354,10UEV
E3841,49.29800033569336,-122.84651184082033,180.0,2013-11-06,2021-06-29,0,64626,54184,62438,62438,62438,62438,62438,10UEV
C6025,48.964668273925774,-122.61617279052734,31.0,2006-06-21,2008-05-24,0,15828,0,13523,13522,13522,13522,13522,10UEV
G4240,48.90950012207031,-122.50482940673828,18.600000381469727,2023-12-27,2025-06-01,0,12066,0,11837,11837,11837,11837,11837,10UEV
BLGYE,48.7599983215332,-122.44000244140624,36.0,2001-08-09,2012-11-16,1,53005,56,0,0,0,36893,37318,10UEV
NOOKS,48.96680068969727,-122.30760192871092,25.0,2008-09-03,2008-10-24,1,1225,0,1123,1123,1123,1123,1123,10UEV
F6399,48.776000976562486,-122.33200073242188,187.0,2019-11-27,2022-01-02,0,3969,0,3301,3301,3301,3304,2415,10UEV
BHWAH,49.23189926147461,-121.61859893798828,641.0,2008-01-24,2025-06-01,0,124401,0,87298,0,0,0,0,10UFV
F0249,48.00899887084961,-124.38400268554688,90.68000030517578,2019-05-22,2025-05-31,0,50276,48988,48988,48988,48988,48988,48988,10UCU
CWSP,48.380001068115234,-123.91999816894533,21.0,2018-12-12,2020-07-08,1,13354,0,12727,2266,0,12728,12728,10UDU
NSJW1,48.58808135986328,-123.14859771728516,18.299999237060547,2012-11-27,2025-05-31,0,108528,95439,98514,98050,98078,97031,43492,10UDU
BE116,48.42388916015625,-123.49278259277344,75.0,2021-10-20,2025-05-31,1,28686,0,27006,27006,27006,0,0,10UDU
4007P,48.53219985961913,-123.03328704833984,53.0,2020-07-29,2021-09-23,1,9501,0,0,0,0,0,0,10UDU
3616P,48.73830032348633,-122.71179962158205,91.0999984741211,2020-05-06,2021-09-23,1,12134,0,0,0,0,0,0,10UEU
HUTW1,48.72444152832031,-122.1522216796875,419.66900634765625,2016-12-09,2025-05-31,1,21433,0,4684,0,0,0,0,10UEU
WS073,48.00106048583984,-122.43280792236328,50.59999847412109,2019-08-27,2019-08-27,1,3,3,3,3,3,3,3,10UEU
D2779,48.280799865722656,-121.73065185546876,119.0,2009-05-06,2019-05-07,0,50805,0,48218,48218,48218,48218,48218,10UEU
2230P,48.495071411132805,-122.27699279785156,17.100000381469727,2019-10-30,2020-09-12,1,7649,0,0,0,0,0,0,10UEU
3591P,48.039409637451165,-122.40853118896484,18.0,2020-05-06,2021-07-24,1,10669,0,0,0,0,0,0,10UEU
F4667,48.116329193115234,-122.75150299072264,0.769999980926514,2019-03-13,2025-06-01,0,53008,3,51079,51079,51079,51680,51680,10UEU
F1440,48.51100158691406,-122.64099884033205,21.399999618530277,2001-07-01,2025-06-01,0,52986,50262,50295,50295,50295,50298,50298,10UEU
XSTM,48.01563262939453,-122.27065277099608,7.619999885559082,2012-02-08,2013-04-29,1,8837,0,4689,4687,4705,8725,8725,10UEU
AS386,48.07917022705078,-122.14666748046876,20.100000381469727,2006-10-18,2008-05-24,0,13180,0,11381,11381,11381,11381,11381,10UEU
D9896,48.66532897949219,-122.866828918457,315.0,2012-03-28,2022-10-22,0,91210,0,90126,90126,90126,90127,90124,10UEU
AU582,48.72566986083984,-122.70417022705078,49.88999938964844,2013-01-16,2025-06-01,0,107276,12228,104203,104193,104194,104196,95054,10UEU
C6556,48.70832824707031,-122.50833129882812,56.09999847412109,2006-09-20,2025-02-11,0,133446,0,21328,13854,13854,21197,21197,10UEU
KNUW,48.35525131225586,-122.66352081298828,13.100000381469728,2021-02-03,2021-02-17,1,336,0,330,330,330,330,326,10UEU
2275P,48.37765884399414,-122.32626342773436,4.0,2019-10-30,2020-10-18,1,8509,0,0,0,0,0,0,10UEU
E2053,48.2561683654785,-122.24166870117188,138.39999389648435,2013-02-06,2014-10-08,0,14425,0,14186,14186,14186,14171,14171,10UEU
2141P,48.67176055908203,-121.25048828125,156.10000610351562,2019-10-30,2021-09-23,1,15302,0,0,0,0,0,0,10UFU
DARW1,48.2599983215332,-121.60359954833984,167.60000610351562,2010-07-01,2025-05-27,0,99341,0,0,0,0,0,0,10UFU
RAIW1,48.52000045776367,-120.73999786376952,1456.9000244140625,2001-07-01,2025-05-31,0,205557,52,144635,2,2,2,2,10UFU
WPFW1,48.5252799987793,-120.647216796875,1719.699951171875,2001-07-01,2005-09-21,0,36406,0,10838,10806,10807,10602,8569,10UFU
2178P,48.29690170288086,-120.0393295288086,548.9000244140625,2019-10-30,2021-09-23,1,16677,0,0,0,0,0,0,10UGU
TCHEL,47.87269973754884,-119.92019653320312,271.8999938964844,2006-02-01,2023-06-15,1,145709,0,125402,125299,125403,125295,124359,11TKP
TRCM8,47.86666870117188,-115.625,716.2999877929688,2003-12-10,2025-05-31,0,172121,156754,162483,162119,162218,161482,135251,11TPP
E4030,47.01483154296875,-118.68032836914062,569.0,2013-12-13,2017-03-28,0,26513,0,20530,20525,20525,20530,20530,11TLN
AP041,47.14933013916016,-119.33882904052734,330.0,2001-07-22,2003-05-08,1,13359,0,11364,0,0,11363,11364,11TLN
TEKW1,47.22777938842773,-117.081672668457,760.5,2009-06-05,2025-06-01,0,126103,0,0,0,0,0,0,11TMN
2161P,47.71421051025391,-117.48533630371092,529.0999755859375,2019-10-30,2021-09-23,1,16489,0,0,0,0,0,0,11TMN
TSPA1,47.625,-117.53510284423828,609.0,2006-02-01,2008-10-07,1,15822,0,13790,13784,13790,13781,13672,11TMN
G4149,47.529830932617195,-117.19400024414062,819.0,2023-11-15,2025-06-01,0,13392,13137,13128,13128,13128,13137,13137,11TMN
E1164,47.81467056274414,-117.60317230224608,539.25,2012-11-14,2025-06-01,0,109434,0,107195,107180,107183,107205,107205,11TMN
MTLPS,47.45357131958008,-115.69506072998045,1439.9000244140625,2013-07-17,2025-05-31,0,103322,0,101332,99510,99510,97853,98696,11TNN
ITD19,47.62221908569336,-116.52424621582033,951.2999877929688,2001-12-05,2025-05-31,0,175441,20,146378,146352,147167,146709,140960,11TNN
MTM79,47.41999816894531,-114.26000213623045,861.4000244140626,2020-07-15,2025-06-01,1,38645,22285,22285,22271,22271,20518,20523,11TQN
F3756,47.21667098999024,-114.01667022705078,1524.0,2004-12-08,2004-12-09,1,21,21,21,21,21,21,21,11TQN
FINM8,47.04593276977539,-114.11207580566406,1353.5999755859375,2021-07-02,2025-05-31,0,34100,32964,32966,32965,32966,32893,23447,11TQN
SDMW1,46.69333267211913,-119.6933364868164,193.19999694824216,2003-02-06,2025-05-31,0,188956,177968,181716,181663,181708,181484,175294,11TKM
H200W,46.542999267578125,-119.66300201416016,198.1000061035156,2001-07-01,2025-06-01,0,161841,58,147587,1,1,147643,147536,11TKM
CARLS,46.14300155639649,-119.46099853515624,435.0,2008-08-28,2009-01-21,1,3471,0,3136,3043,3057,3136,3136,11TLM
D5556,46.04616928100586,-118.38800048828124,241.0,2010-08-11,2019-12-13,0,79283,0,58945,58945,58945,58945,58945,11TLM
HHIDF,46.54840850830078,-119.53700256347656,221.0,2017-05-24,2025-06-01,1,69876,0,68145,0,0,68122,67957,11TLM
LIDW,46.86722183227539,-118.73944091796876,449.8999938964844,2004-04-05,2025-06-01,0,184670,141036,150105,150097,150100,150093,149899,11TLM
HVSTA,46.21799850463867,-119.20099639892578,153.0,2001-07-01,2025-06-01,0,208380,60,193103,0,1,193141,189835,11TLM
D9572,46.35832977294922,-119.45950317382812,166.49000549316406,2012-02-08,2025-05-31,0,116269,0,104965,104941,104941,104969,104968,11TLM
PC555,46.32889175415039,-118.86721801757812,254.8000030517578,2024-09-04,2025-05-31,1,6317,0,6251,6251,6251,6251,6237,11TLM
BASIN,46.64500045776367,-119.16500091552734,266.1000061035156,2008-01-16,2008-10-24,1,2580,0,1691,1691,1691,1691,1691,11TLM
H200E,46.555999755859375,-119.52100372314452,207.0,2001-07-01,2025-06-01,0,208380,59,192867,110601,110603,192589,191888,11TLM
WS064,46.78070831298828,-118.51528167724608,451.70999145507807,2019-08-27,2019-08-27,1,3,3,3,3,3,3,3,11TLM
D4698,46.29582977294922,-118.30149841308592,320.9700012207031,2010-03-17,2024-04-27,0,123739,95302,122380,122380,122381,122381,122381,11TLM
D9800,46.751171112060554,-117.16783142089844,757.3900146484374,2012-03-28,2022-11-21,0,70163,0,60618,60615,60615,60619,60619,11TMM
CPRW1,46.15627670288086,-117.9381103515625,1169.5,2013-05-25,2024-09-30,0,16047,15360,15714,15714,15714,15213,9566,11TMM
DNFI1,46.62166595458984,-116.21833038330078,518.2000122070312,2001-07-01,2025-05-31,0,148639,133828,142859,142850,142852,142609,138345,11TNM
AR269,46.472671508789055,-116.24732971191406,408.0,2004-01-08,2008-04-06,0,37064,40,34907,34907,34907,34907,34907,11TNM
ITD63,46.38222122192384,-116.12750244140624,948.5380249023439,2009-02-04,2025-05-31,0,134696,0,129674,129652,129736,130077,130077,11TNM
P422,46.797901153564446,-116.9800033569336,859.768798828125,2012-06-12,2016-08-01,1,34471,0,0,0,0,0,0,11TNM
TT118,46.80083465576172,-115.53722381591795,1702.300048828125,2012-06-21,2024-10-25,0,33679,31018,32936,32914,32935,32927,31733,11TPM
KP69,46.144168853759766,-115.5963897705078,446.7999877929688,2021-02-03,2021-02-17,1,336,0,320,320,320,321,285,11TPM
COLI1,46.7599983215332,-115.3000030517578,1914.0999755859373,2001-07-01,2025-05-31,0,202527,52,130097,0,0,0,0,11TPM
DRBM8,46.02777862548828,-114.17610931396484,1182.300048828125,2009-06-05,2025-06-01,0,138688,0,0,0,0,0,0,11TQM
ILSA1,46.85599899291992,-114.01480102539062,956.0,2007-11-09,2011-05-03,0,700,0,13,0,0,0,0,11TQM
MOMM8,46.71853256225586,-114.15731048583984,1208.800048828125,2018-01-25,2025-04-04,0,62908,61049,61155,61018,61154,61154,37287,11TQM
F3780,46.513050079345696,-114.09111022949217,1025.699951171875,2004-12-08,2004-12-09,1,21,21,21,21,21,21,21,11TQM
ALDER,45.858001708984375,-119.88800048828124,224.0,2008-01-16,2009-01-21,1,3498,0,3153,3150,3153,3153,3153,11TKL
G5817,45.9621696472168,-118.43582916259768,850.0,2025-01-22,2025-06-01,0,2962,2873,2873,2873,2873,2873,2873,11TLL
MWQ08,45.869998931884766,-119.30999755859376,146.0,2002-12-11,2007-12-17,0,38082,39,31983,31569,31570,31984,31984,11TLL
UP253,45.71315002441406,-119.1562728881836,208.19999694824216,2003-08-27,2025-06-01,1,188115,10,120812,0,0,0,0,11TLL
MWQ01,45.900001525878906,-119.45999908447264,100.9000015258789,2002-12-11,2008-07-31,0,37847,48,30991,30573,30574,31014,31014,11TLL
OD187,45.59976959228516,-118.50186157226562,1104.9000244140625,2020-11-25,2025-05-31,1,39402,0,38109,38047,38047,29317,28686,11TLL
MWQ03,45.880001068115234,-119.54000091552734,103.9000015258789,2002-12-11,2008-07-31,0,39890,48,32509,32096,32096,33267,33267,11TLL
XKEL,46.02331161499024,-118.942138671875,10.66800022125244,2012-02-08,2013-04-29,1,8933,0,8588,0,0,8588,8588,11TLL
2235P,46.037200927734375,-118.31909942626952,285.0,2019-10-30,2021-09-23,1,16677,0,0,0,0,0,0,11TLL
D5444,45.40882873535156,-119.51416778564452,816.9000244140626,2010-07-21,2025-05-31,0,127188,0,120062,120061,120061,120062,120062,11TLL
E4185,46.04050064086913,-118.5396728515625,163.0,2014-01-08,2025-06-01,0,98734,0,93925,93925,93925,93925,93925,11TLL
CPC03,45.816699981689446,-118.64330291748045,545.9000244140625,2006-06-28,2008-10-23,1,20067,14466,14466,14466,14466,14466,14466,11TLL
E1140,45.916500091552734,-119.33632659912108,111.0,2013-01-23,2016-07-11,0,27550,0,22275,22275,22275,22901,22901,11TLL
ODT18,45.232299804687514,-118.01339721679688,883.9000244140626,2002-04-24,2025-05-31,0,196739,47,188612,188613,188615,188422,184864,11TML
PC557,45.436878204345696,-117.28433227539062,1138.4000244140625,2024-09-04,2025-05-31,1,6317,0,6164,6164,6164,6164,6122,11TML
C9803,45.56042098999024,-117.9059600830078,845.0,2008-02-06,2025-06-01,0,149434,99195,142721,142721,142721,142721,134135,11TML
JCRW1,46.029441833496094,-117.01583099365232,310.8999938964844,2009-06-05,2012-10-02,1,28850,0,9143,0,0,0,0,11TML
ECOVE,45.30080032348633,-117.81279754638672,882.0999755859374,2009-11-25,2014-10-01,1,35077,0,0,0,0,32136,32136,11TML
C6808,45.42728042602539,-116.8361129760742,874.7999877929686,2007-09-13,2020-04-23,0,70019,0,61802,61802,61802,61802,61802,11TNL
ELKI1,45.834999084472656,-115.45999908447264,1251.800048828125,2024-06-12,2025-05-24,1,8014,0,4230,4226,4228,0,0,11TPL
TR333,44.5263900756836,-118.32305145263672,1402.0999755859375,2001-07-05,2002-07-17,1,8708,0,2795,2793,2794,2789,2786,11TLK
F4007,44.59333038330078,-119.27777862548828,1524.0,2004-12-08,2004-12-09,1,21,0,21,21,21,21,21,11TLK
8861D,44.799991607666016,-117.18939971923828,723.4600219726561,2023-11-22,2025-06-01,0,13059,0,12755,0,12755,12755,12755,11TMK
F3470,44.325550079345696,-117.16777801513672,1088.0999755859375,2004-12-08,2004-12-09,1,21,21,21,21,21,21,21,11TMK
OD136,44.92242813110351,-117.82421875,1080.800048828125,2017-11-22,2025-05-31,1,65794,0,64454,63927,63927,5,0,11TMK
ITDA3,45.11640167236328,-116.30359649658205,1167.0999755859375,2013-10-09,2025-05-31,0,93716,0,90905,90905,90920,90920,90921,11TNK
ITD68,44.580299377441406,-116.03939819335936,1596.800048828125,2009-02-04,2025-05-31,0,131602,0,124839,124835,124851,124093,124864,11TNK
BAEI1,44.98777770996094,-114.4183349609375,2411.0,2010-04-14,2025-05-31,0,128065,122385,123972,123871,124816,124635,121827,11TQK
WTFO3,43.34333038330078,-119.8866729736328,1956.8000488281248,2001-07-01,2025-05-31,0,209290,179950,196004,195436,195499,195957,190580,11TKJ
CPFO3,44.157222747802734,-118.4713897705078,1676.4000244140625,2001-07-01,2025-05-31,0,208566,131722,198224,197869,198163,197097,172242,11TLJ
BAFO3,43.55741882324219,-118.4070816040039,1704.4000244140625,2001-07-01,2025-05-31,0,208767,182469,198369,198296,198356,198336,197326,11TLJ
BERO3,43.9113883972168,-118.15721893310545,1008.0,2016-12-09,2025-05-31,1,49501,0,45446,0,0,0,0,11TMJ
ITD03,43.56999969482422,-116.18000030517578,883.0,2001-07-01,2025-05-31,0,123709,24,105991,103480,105990,105991,102883,11TNJ
AW259,43.540000915527344,-116.54000091552734,760.0,2005-04-10,2025-06-01,0,19254,15116,16679,16679,16679,17082,17082,11TNJ
AN709,43.64780044555664,-116.2136001586914,886.375,2010-06-30,2014-03-12,1,32139,24215,21459,0,24230,24209,24111,11TNJ
UP228,43.75537872314453,-116.89199829101562,684.2999877929688,2003-08-27,2025-01-22,1,182899,15,145173,0,0,30956,24323,11TNJ
C7544,43.5766716003418,-116.5086669921875,774.2000122070312,2007-02-14,2013-10-20,1,54889,0,47911,47910,47910,47906,47906,11TNJ
C1552,43.62882995605469,-116.37000274658205,805.0,2003-12-20,2004-02-08,0,909,0,129,129,129,129,129,11TNJ
OLSI1,44.177051544189446,-116.29035949707033,932.0999755859376,2023-05-08,2025-06-01,0,17963,17421,17421,17421,17421,17421,8726,11TNJ
TS975,44.21435928344727,-115.92080688476562,1002.2000122070312,2011-06-22,2016-09-02,0,17859,14313,17192,17192,17192,17189,15692,11TNJ
ITDD2,43.56610107421875,-116.1968002319336,866.0,2019-08-23,2025-05-31,0,42533,0,40746,40745,40745,40746,40746,11TNJ
D8224,44.15517044067384,-116.00800323486328,1173.0,2011-08-11,2019-10-28,0,67063,40165,64845,64844,64844,64845,64845,11TNJ
BCI09,43.77999877929688,-116.09999847412108,2143.0,2001-07-13,2001-10-29,1,2588,0,1115,1115,1115,1115,1115,11TNJ
TL,43.73018646240234,-116.14014434814452,1610.0,2008-08-28,2022-10-10,0,109838,58487,31487,27740,31488,59119,54793,11TNJ
1881P,43.60585021972656,-116.17321014404298,833.0,2019-10-30,2021-09-23,1,13703,0,0,0,0,0,0,11TNJ
F9179,43.771499633789055,-116.10317230224608,2060.550048828125,2021-09-01,2025-05-31,1,22762,21470,21546,21546,21546,21546,21546,11TNJ
TT434,43.56499862670898,-116.20832824707033,862.5999755859374,2017-02-01,2024-09-26,0,8803,6893,6894,6894,6894,6894,6497,11TNJ
TT052,43.56499862670898,-116.20833587646484,862.5999755859374,2012-06-06,2024-09-26,0,11226,10266,10266,10266,10266,10267,9646,11TNJ
TT088,43.564754486083984,-116.20863342285156,874.7999877929686,2012-12-05,2025-05-31,0,29458,22731,23276,23267,23546,23137,21928,11TNJ
TT006,43.56499862670898,-116.20833587646484,862.5999755859374,2012-11-08,2024-06-05,0,1303,846,956,956,956,956,725,11TNJ
F5367,43.56232833862305,-116.55683135986328,763.25,2019-05-15,2023-11-01,0,39088,215,38744,38744,38744,17716,17716,11TNJ
C0406,43.59442901611328,-115.26139068603516,1318.0,2006-11-08,2025-06-01,0,138979,0,133574,133574,133574,133574,133574,11TPJ
SLDMS,43.488159179687514,-114.88834381103516,2438.39990234375,2015-01-21,2025-05-31,1,74007,0,68296,68295,68295,0,0,11TPJ
VINMT,43.79158020019531,-114.85423278808592,2923.60009765625,2015-09-24,2025-05-31,1,73094,0,68523,68522,68523,68499,68188,11TPJ
CHOI1,43.76850128173828,-114.41812133789062,1962.9000244140625,2012-09-19,2025-06-01,0,108154,0,75012,0,0,0,0,11TQJ
D4689,43.69717025756836,-114.35166931152344,1828.8000488281248,2010-03-10,2017-07-27,0,64723,0,63463,63463,63463,63463,63463,11TQJ
OD132,42.968360900878906,-119.99356842041016,1320.0999755859375,2017-11-22,2025-05-31,1,64680,0,62021,61282,61282,60736,61398,11TKH
F4107,42.54750061035156,-119.65638732910156,1719.0999755859375,2004-12-08,2004-12-09,1,21,0,17,17,17,17,17,11TKH
LMCO3,42.708057403564446,-118.51000213623045,1548.4000244140625,2006-01-18,2025-06-01,0,169940,162427,164866,164496,164862,164680,161457,11TLH
AW258,43.0,-116.0,794.0,2005-04-10,2025-06-01,0,35795,15656,28720,28720,28720,28720,28720,11TNH
BCI10,43.119998931884766,-115.68000030517578,952.0,2001-07-13,2001-10-29,1,2579,0,1048,1048,1048,1048,1048,11TPH
F3544,42.69055938720703,-115.1952667236328,1021.0999755859376,2004-12-08,2004-12-09,1,21,21,21,21,21,21,21,11TPH
ITD51,43.31348037719727,-115.2664566040039,1677.0,2007-09-19,2025-05-31,0,143568,0,133723,133487,134122,135738,135795,11TPH
UP241,42.95106887817384,-114.6344985961914,1107.300048828125,2003-08-27,2025-05-31,1,188315,16,143291,0,0,32851,32057,11TPH
ITD43,43.09614944458008,-114.3715591430664,1399.9000244140625,2007-08-18,2025-05-31,0,144351,0,138132,137839,137841,137992,138135,11TQH
ROCI1,42.97169876098633,-114.06310272216795,1298.5,2001-07-01,2025-05-31,0,208930,183532,200365,200209,200344,200279,198063,11TQH
PICI1,43.30860137939453,-114.06680297851562,1473.6920166015627,2023-09-13,2025-05-31,1,14872,0,13333,0,0,0,0,11TQH
F3521,42.9716682434082,-114.06305694580078,1298.5,2004-12-08,2004-12-09,1,21,21,21,21,21,21,21,11TQH
DBLN2,41.65250015258789,-118.0441665649414,1944.5999755859373,2018-10-12,2025-05-31,0,57673,55123,55127,55100,55125,55129,54691,11TMG
FRYN2,41.58021926879884,-115.93644714355467,2071.39990234375,2015-05-13,2025-06-01,0,86800,0,44275,0,0,0,0,11TNG
TT040,41.876861572265625,-115.985969543457,2132.39990234375,2011-09-07,2025-03-26,0,14194,12589,12589,12589,12589,12589,12462,11TNG
ITD22,42.02009963989258,-114.67381286621092,1723.9000244140625,2003-08-05,2025-05-31,0,170406,0,156449,156484,156486,156465,156465,11TPG
ANEW1,48.74325180053711,-119.62247467041016,1580.4000244140625,2004-10-13,2025-05-31,0,127902,119620,120846,120721,120836,120659,114269,11ULQ
BT045,49.373329162597656,-117.24250030517578,859.7999877929686,2019-12-18,2025-05-31,1,47555,0,45252,45252,45256,45030,41305,11UMQ
C7763,49.43685150146484,-117.15528106689452,1999.0,2007-03-28,2017-04-04,0,26314,10653,22251,22250,22250,22014,22014,11UMQ
BT048,49.18708038330078,-117.44001007080078,699.7999877929688,2019-12-20,2025-05-31,1,47231,0,35987,35960,35961,35280,32014,11UMQ
3856P,48.84938049316406,-117.39122772216795,616.0,2020-06-17,2020-06-25,1,181,0,0,0,0,0,0,11UMQ
BULQ2,49.49309921264649,-115.363899230957,0.0,2017-03-15,2025-05-31,0,20992,0,18926,0,0,0,0,11UPQ
TT481,48.97858428955078,-115.18855285644533,786.4000244140626,2017-09-09,2024-09-12,0,17482,16610,16614,16613,16613,16615,13571,11UPQ
RDSW1,48.23305892944336,-119.76860809326172,607.7999877929688,2016-12-09,2018-09-11,0,11215,0,8378,0,0,0,0,11UKP
RDVW1,48.59944152832031,-119.74443817138672,1249.5350341796875,2016-12-09,2018-02-06,0,8108,0,6253,0,0,0,0,11UKP
RDRW1,48.11943817138672,-119.83499908447264,746.2080078125,2016-12-09,2018-02-06,0,8175,0,6163,0,0,0,0,11UKP
RDUW1,48.442779541015625,-119.71083068847656,1135.699951171875,2016-12-09,2025-05-31,0,65714,0,59718,0,0,0,0,11UKP
F4344,48.535278320312486,-118.68888854980467,960.0999755859376,2004-12-08,2004-12-09,1,20,20,20,20,20,20,19,11ULP
WS092,48.05875015258789,-119.54974365234376,348.3900146484375,2019-08-27,2019-08-27,1,3,3,3,3,3,3,3,11ULP
IMTW1,48.5636100769043,-118.61917114257812,1325.9000244140625,2004-10-13,2025-05-31,0,177959,166923,170760,170445,170745,170411,160539,11ULP
2293P,48.34553146362305,-117.27227020263672,631.9000244140625,2019-10-30,2021-09-23,1,16677,0,0,0,0,0,0,11UMP
TCLAY,48.02840042114258,-117.5980987548828,784.5999755859374,2003-03-31,2025-05-31,0,192169,0,171511,171480,171510,170824,59363,11UMP
HDLI1,48.52999877929688,-116.45999908447264,1536.0,1970-01-01,2025-06-01,0,478688,54,144884,1,1,1,1,11UNP
BRMI1,48.299999237060554,-116.08000183105467,1646.0,2001-07-01,2025-06-01,0,205977,54,124394,0,0,11878,10752,11UNP
MTCRY,48.11759948730469,-115.42003631591795,1157.9000244140625,2013-07-17,2025-05-31,0,52984,0,47435,47445,48698,50818,34988,11UPP
TT851,48.64802932739258,-114.58332824707033,1670.300048828125,2024-08-23,2024-10-14,1,1248,1243,1243,1243,1243,1243,1124,11UPP
HANM8,48.310001373291016,-114.83999633789062,1534.699951171875,2001-07-01,2025-05-31,0,206849,14,111282,0,1,0,0,11UPP
1893P,48.44374847412109,-114.10562133789062,1122.9000244140625,2019-10-30,2020-12-28,1,10197,0,0,0,0,0,0,11UQP
MTM24,48.265579223632805,-114.1730728149414,929.0,2019-09-25,2019-10-02,1,149,24,24,24,24,24,24,11UQP
FLB07,48.06499862670898,-114.22599792480467,881.7999877929686,2012-09-19,2021-04-22,1,58230,0,1488,1,1,22597,21024,11UQP
MFLT,48.2190818786621,-114.23793029785156,869.0,2001-08-02,2013-01-28,0,98208,56,89339,89339,89339,89338,88593,11UQP
F3722,47.78971862792969,-112.939453125,1615.4000244140625,2004-12-08,2004-12-09,1,21,0,21,21,21,21,21,12TUT
TS856,47.01361083984375,-113.33305358886717,1170.0999755859375,2009-05-27,2021-06-30,0,105746,101364,103812,103631,103815,103711,100309,12TUT
LINM8,46.956390380859375,-112.65608215332033,1408.199951171875,2021-02-10,2025-05-31,0,21782,0,3506,3506,3506,0,0,12TUT
HODMT,47.64712905883789,-112.28556823730467,1422.5,2008-11-30,2025-05-31,1,87048,0,52094,52093,52094,52598,51498,12TVT
MYEP,47.13948059082031,-111.85907745361328,1157.9000244140625,2001-07-01,2013-07-09,0,104422,53,89442,89440,89442,89441,87764,12TVT
D6464,46.87916946411133,-113.8971710205078,1003.7000122070312,2010-12-22,2013-09-18,0,24035,0,23855,23839,23839,23855,23855,12TTS
YNKM8,46.1627311706543,-113.14105224609376,1828.8000488281248,2021-06-30,2025-05-31,0,34149,32953,32952,32951,32954,32955,29893,12TUS
PHGM8,46.31666946411133,-113.3000030517578,1609.300048828125,2003-07-09,2025-05-31,0,190901,180594,183187,182216,182443,183046,178126,12TUS
TS673,46.897659301757805,-110.91909027099608,2237.800048828125,2007-08-29,2018-10-03,0,62127,42375,53612,53505,54990,53409,48009,12TWS
BLOM8,45.165069580078125,-113.50099182128906,2316.5,2001-07-01,2025-05-31,0,206156,10,92199,1,1,1,1,12TUR
MTM46,46.0099983215332,-112.55999755859376,1774.9000244140625,2019-09-25,2025-06-01,1,48865,36567,36567,36456,36457,36481,36482,12TUR
LOGM8,45.88528060913086,-111.4375,1245.4000244140625,2009-06-04,2022-06-03,0,113843,0,0,0,0,0,0,12TVR
YCTIM,45.23114013671875,-111.45118713378906,2865.10009765625,2007-02-14,2025-05-30,0,103783,0,83729,83360,83739,77562,77737,12TVR
K9S5,45.87810897827149,-111.56942749023436,1246.300048828125,2007-11-14,2025-06-01,0,142940,0,130627,130627,27678,130150,130129,12TVR
BOZM,45.67361068725586,-111.1500015258789,1455.4000244140625,2003-09-10,2025-06-01,0,165013,106160,109836,108492,109841,24583,109710,12TVR
C1584,45.41667175292969,-110.68329620361328,1524.0,2003-12-31,2004-05-30,0,3620,0,2515,2515,2515,2515,2515,12TWR
MTBZH,45.66682052612305,-110.80394744873045,1752.0,2013-07-17,2025-05-31,1,103346,0,101573,101572,101573,101564,101375,12TWR
GNFHY,45.439239501953125,-110.94510650634768,3017.5,2014-11-17,2025-04-15,1,28239,0,20324,18437,18437,20324,20060,12TWR
BRCM8,45.89107131958008,-110.93850708007812,2231.10009765625,2001-07-01,2025-06-01,0,206566,0,109513,4466,4596,4449,4398,12TWR
MTSPD,45.72193908691406,-110.24861145019533,1292.0,2025-05-07,2025-05-31,0,585,0,580,580,580,580,580,12TWR
C4669,45.71976852416992,-110.93496704101562,1790.699951171875,2005-11-23,2020-09-05,0,123312,0,108198,108265,108267,117076,117076,12TWR
D7734,45.63032913208008,-110.83200073242188,1950.0,2011-06-12,2020-06-01,0,68458,0,63911,63910,63910,63911,63911,12TWR
MTMQM,44.55767059326172,-112.3136978149414,2080.0,2013-07-17,2025-05-31,1,101797,0,98526,98371,98371,98518,97488,12TUQ
THRW4,44.311401367187514,-110.15029907226562,2645.699951171875,2001-07-01,2025-05-31,0,193674,175631,183095,182161,184941,184767,181251,12TWQ
HOW,43.78411483764649,-112.97735595703124,1467.5999755859375,2001-07-01,2025-06-01,0,216774,154298,196907,49811,196907,197003,197507,12TUP
ARO,43.619998931884766,-113.3000030517578,1606.9000244140625,2001-07-01,2007-09-06,0,52890,15345,49730,49734,49730,49730,49730,12TUP
ITDC4,43.36090087890625,-112.6416015625,1497.0,2019-08-23,2025-05-31,0,42531,0,40965,40951,40951,40959,40965,12TUP
ITD16,43.65399932861328,-112.10269927978516,1460.0,2001-11-29,2025-05-31,0,177141,33,161302,161091,161500,159732,159187,12TVP
A1058,43.67079925537109,-110.59940338134768,2106.300048828125,2012-07-11,2013-01-16,1,4485,3074,3075,0,3039,3070,2838,12TWP
ITD88,42.577800750732415,-113.43779754638672,1379.800048828125,2009-09-03,2025-05-31,0,129818,0,124185,124178,124181,124166,124167,12TTN
PUR43,42.870800018310554,-112.42527770996092,1414.5999755859375,2016-04-20,2018-08-10,1,19963,0,0,0,0,0,0,12TUN
UP031,42.83195114135742,-112.77854919433592,1353.0,2003-08-27,2025-05-31,1,187037,16,165785,0,0,0,0,12TUN
C9139,42.92575073242188,-112.4877471923828,1371.5999755859375,2007-12-05,2008-07-19,0,5297,0,4226,4226,4226,4231,4231,12TUN
F3518,42.54777908325195,-113.2594528198242,1341.0999755859375,2004-12-08,2004-12-09,1,21,21,21,21,21,21,21,12TUN
4178P,43.02725982666016,-112.43443298339844,1359.0999755859375,2020-10-07,2021-06-02,1,4056,0,0,0,0,0,0,12TUN
D0543,42.788330078125,-113.00299835205078,1387.0,2008-05-21,2010-09-26,1,15853,0,14581,14237,14237,15029,15029,12TUN
TAB,43.31999969482422,-112.69000244140624,1415.0,2001-07-01,2025-06-01,0,216398,162557,196698,49646,196639,196433,196646,12TUN
ITD25,42.88990020751953,-112.43240356445312,1403.5999755859375,2003-08-13,2025-05-31,0,150566,0,143418,143418,143420,143372,143420,12TUN
RFTI1,42.548099517822266,-113.2593994140625,1341.0999755859375,2001-07-01,2025-05-31,0,208973,183110,199756,199617,199753,199504,196847,12TUN
UP079,42.60533142089844,-111.51930236816406,1769.699951171875,2003-08-27,2025-05-31,1,181391,15,153343,0,0,0,0,12TVN
ITDE1,42.82640075683594,-111.55410003662108,1867.0,2019-08-23,2025-05-31,0,42530,1,40853,40850,40850,40795,40853,12TVN
UP081,42.627319335937514,-112.14420318603516,1487.699951171875,2003-08-27,2025-05-31,1,181882,15,158761,0,0,0,0,12TVN
ITD97,42.65729904174805,-112.21109771728516,1438.4000244140625,2012-10-24,2025-05-31,0,102395,0,99766,99567,99572,98095,98099,12TVN
PC589,43.304500579833984,-112.12075042724608,1400.9000244140625,2024-10-30,2025-05-31,1,4973,0,4922,4922,4922,4922,4912,12TVN
AS500,42.60737991333008,-112.03353118896484,1605.699951171875,2006-12-26,2008-07-19,1,13706,0,13507,13507,13507,13507,13507,12TVN
D6140,42.919830322265625,-110.99633026123045,1807.0,2010-11-03,2025-05-31,0,126475,102562,120879,120876,120876,120881,120881,12TWN
TRPW4,42.7599983215332,-110.58999633789062,2590.800048828125,2001-07-01,2025-05-31,0,207501,49,129427,2,2,2,2,12TWN
AFTW4,42.73332977294922,-110.93582916259768,1892.8000488281248,2009-06-04,2012-12-12,0,30820,0,29703,29703,29703,29700,29609,12TWN
D6139,42.97600173950195,-110.94933319091795,1936.0,2010-11-03,2022-11-11,0,103276,0,100987,100986,100986,100988,100988,12TWN
KL3UU,41.75271987915039,-113.00906372070312,1286.9000244140625,2011-04-20,2011-04-20,1,2,0,2,2,2,2,2,12TUM
UCL09,41.86471176147461,-111.50657653808592,2619.199951171875,2017-08-17,2021-06-18,1,18310,0,4102,4102,4102,4102,0,12TVM
PU978,41.691761016845696,-111.91854858398436,1352.0999755859375,2019-10-30,2021-09-23,1,16677,0,0,0,0,0,0,12TVM
PU935,41.75246810913086,-111.81173706054688,1432.9000244140625,2019-10-30,2021-09-23,1,16612,0,0,0,0,0,0,12TVM
LGP,41.71353149414063,-111.7176284790039,2960.800048828125,2001-07-01,2025-06-01,0,193221,147955,174515,171459,174516,174065,164506,12TVM
LGNWL,41.729400634765625,-111.8218994140625,1371.31103515625,2012-04-30,2025-05-31,0,80813,0,76628,0,76628,76628,76628,12TVM
UTRMD,41.9090003967285,-111.81449890136717,1408.5,2020-07-15,2025-06-01,1,42572,0,41231,41231,41231,41800,41723,12TVM
3524P,42.04555892944336,-111.42147827148436,1966.0,2020-05-06,2021-09-23,1,12134,0,0,0,0,0,0,12TVM
AS624,42.32004165649414,-111.2897491455078,1926.0,2007-04-25,2011-07-09,0,36497,0,26806,26779,26779,26788,26788,12TVM
UT28,41.69038009643555,-112.16284942626952,1309.0999755859375,2005-11-23,2025-05-31,1,161045,57729,149380,149380,149380,132741,132712,12TVM
UCC04,41.95212936401367,-111.86903381347656,1375.9000244140625,2014-02-05,2023-08-30,1,83003,72303,74668,74645,74668,74619,74146,12TVM
UTLTS,41.80802154541016,-111.25173950195312,2182.10009765625,2020-07-29,2025-05-31,1,42235,1,40522,40522,40522,41412,41319,12TVM
UCC31,41.933631896972656,-111.4201431274414,1980.0,2015-02-04,2025-05-31,1,89589,79240,81658,81657,81657,81649,81259,12TVM
LGCUT,41.76549911499024,-111.8551025390625,1357.9000244140625,2002-08-21,2025-05-20,0,188795,151939,173026,173008,173048,172945,172872,12TVM
PC118,42.100189208984375,-110.86663818359376,2002.5,2022-04-06,2025-05-31,1,27435,0,26998,26998,26998,27008,26927,12TWM
GTOM8,48.956668853759766,-113.89028167724608,1292.4000244140625,2009-06-17,2025-05-31,0,139571,0,117715,60232,60232,59931,59945,12UTV
MRRQ1,49.28390121459961,-112.53800201416016,0.0,2013-09-18,2025-05-31,0,31175,0,29691,7534,7724,7502,1856,12UUV
G0718,48.90589904785156,-110.91300201416016,1058.3599853515625,2021-11-03,2025-06-01,0,18429,17449,14329,14329,14329,17449,17449,12UWV
TR974,48.561668395996094,-113.01334381103516,1336.199951171875,2003-05-21,2004-03-24,0,1972,1407,1683,1683,1683,1683,1674,12UUU
AT844,48.26617050170898,-113.44249725341795,1358.0,2010-11-24,2015-09-22,0,29584,0,25098,25098,25098,25098,25098,12UUU
FIEM8,48.27780151367188,-113.43560028076172,1402.0999755859375,2004-12-29,2025-05-31,0,178913,169400,171672,171299,171671,170977,157775,12UUU
DEVMT,48.473098754882805,-111.53669738769533,975.4000244140624,2007-11-15,2011-06-13,1,12157,195,196,196,196,196,193,12UVU
VLWM8,48.369720458984375,-112.24971771240232,1129.9000244140625,2022-11-23,2025-06-01,1,21772,0,18576,0,18589,0,18557,12UVU
BBTMT,48.698020935058594,-111.50202178955078,1031.800048828125,2009-10-05,2011-04-18,1,2112,521,521,521,521,522,521,12UVU
KSBX,48.540000915527344,-111.87000274658205,1050.0,2025-05-07,2025-06-01,1,586,0,549,549,0,546,543,12UVU
KS01,48.16862869262695,-111.97647094726562,1080.5,2008-06-25,2020-07-20,0,73964,0,64360,64360,13217,64145,64160,12UVU
G3487,48.312538146972656,-110.97486877441406,941.0,2023-05-12,2025-05-31,0,17876,0,17584,17584,17584,17584,17584,12UWU
G4079,48.42150115966797,-110.64533233642578,945.0,2023-10-25,2025-05-31,0,13878,13453,12866,12866,13453,13453,13453,12UWU
E1880,48.549999237060554,-110.5500030517578,956.0,2013-01-23,2019-01-20,0,47983,0,45741,45741,45741,45741,45741,12UWU
G0484,48.414329528808594,-110.970832824707,922.4199829101561,2021-09-17,2025-06-01,0,31993,31334,31332,31332,31332,31334,31334,12UWU
